Epic,User Story ID,Feature Name,User Role,User Story,Acceptance Criteria Count,Priority,Status,Module,Sprint,Estimated Hours,Notes,Tasks,Acceptance Criteria
"Patient Authentication & Profile Management",1.1,"Patient Registration","Patient","As a patient I want to register for the platform using my email or phone number so that I can access healthcare services and book appointments",10,"High","✅","Patient Portal",1,16,"Core authentication feature","Create registration form UI, Implement email/phone validation, Build verification code system, Setup duplicate prevention logic, Create password strength validation, Implement error handling and messaging, Add registration confirmation flow","1. Registration form accepts email or phone number <br> 2. Email/phone validation prevents invalid entries <br> 3. Verification code system confirms user identity <br> 4. Duplicate prevention blocks multiple accounts <br> 5. Password strength validation enforces security <br> 6. Error handling provides clear feedback <br> 7. Registration confirmation flow guides users <br> 8. Terms and conditions acceptance required <br> 9. Privacy policy acknowledgment included <br> 10. Account activation email/SMS sent"
"Patient Authentication & Profile Management",1.2,"Patient Sign In","Patient","As a registered patient I want to sign in securely to my account so that I can access my medical information and book appointments",8,"High","✅","Patient Portal",1,12,"Includes 2FA support","Create login form UI, Implement authentication logic, Setup 2FA system (SMS/Email), Build account lockout mechanism, Create session management, Implement Remember Me functionality, Add social login integration","1. Login form accepts email/phone and password <br> 2. Authentication logic validates credentials <br> 3. 2FA system provides additional security <br> 4. Account lockout prevents brute force attacks <br> 5. Session management maintains secure access <br> 6. Remember Me functionality saves login state <br> 7. Social login integration offers alternatives <br> 8. Password reset link available on login page"
"Patient Authentication & Profile Management",1.3,"Password Reset","Patient","As a patient who forgot my password I want to reset my password securely so that I can regain access to my account",8,"Medium","✅","Patient Portal",1,8,"OTP-based reset","Create forgot password form, Implement OTP generation and delivery, Build password reset validation, Create new password form, Implement security logging, Add confirmation messaging","1. Forgot password form accepts email/phone <br> 2. OTP generation creates secure codes <br> 3. OTP delivery via SMS/email works reliably <br> 4. Password reset validation ensures security <br> 5. New password form enforces strength requirements <br> 6. Security logging tracks reset attempts <br> 7. Confirmation messaging confirms success <br> 8. Reset links expire after time limit"
"Patient Authentication & Profile Management",1.4,"Complete Patient Profile","Patient","As a patient I want to complete my medical profile so that doctors have accurate information for consultations",10,"High","✅","Patient Portal",1,20,"Multi-step profile with encryption","Design multi-step profile form, Create demographic information fields, Build medical history section, Implement allergy and medication lists, Add insurance information form, Create emergency contact section, Implement auto-save functionality, Add progress tracking, Setup data encryption","1. Multi-step profile form guides completion <br> 2. Demographic information captures basic details <br> 3. Medical history section records health background <br> 4. Allergy and medication lists ensure safety <br> 5. Insurance information enables billing <br> 6. Emergency contact section provides safety net <br> 7. Auto-save functionality prevents data loss <br> 8. Progress tracking shows completion status <br> 9. Data encryption protects sensitive information <br> 10. Profile validation ensures completeness"
"Doctor Discovery & Appointment Booking",2.1,"Find a Doctor","Patient","As a patient I want to search and filter doctors so that I can find the right healthcare provider for my needs",10,"High","✅","Patient Portal",2,24,"Advanced search with filters","Create doctor search interface, Implement search and filter logic, Build doctor profile display, Create rating and review system, Implement availability checking, Add consultation fee display, Optimize search performance","1. Doctor search interface provides easy access <br> 2. Search and filter logic finds relevant doctors <br> 3. Doctor profile display shows key information <br> 4. Rating and review system builds trust <br> 5. Availability checking shows open slots <br> 6. Consultation fee display enables comparison <br> 7. Search performance optimized for speed <br> 8. Location-based filtering available <br> 9. Specialty filtering narrows results <br> 10. Insurance acceptance filtering included"
"Doctor Discovery & Appointment Booking",2.2,"Book Appointment","Patient","As a patient I want to book an appointment with a doctor so that I can receive medical consultation",10,"High","✅","Patient Portal",2,32,"Includes payment integration","Create appointment booking calendar, Implement time slot selection, Build consultation type selector, Create document upload functionality, Integrate payment processing, Setup confirmation and reminder system, Implement reschedule/cancel logic, Create real-time availability updates","1. Appointment booking calendar shows available times <br> 2. Time slot selection allows precise scheduling <br> 3. Consultation type selector offers options <br> 4. Document upload functionality shares medical records <br> 5. Payment processing handles fees securely <br> 6. Confirmation and reminder system prevents no-shows <br> 7. Reschedule/cancel logic provides flexibility <br> 8. Real-time availability updates prevent conflicts <br> 9. Insurance verification integrated <br> 10. Appointment notes field available"
"Doctor Discovery & Appointment Booking",2.3,"Custom Hospital Link Booking","Patient","As a patient arriving via hospital-specific URL I want to book appointments with pre-filtered doctors so that I can quickly find doctors from my preferred hospital",8,"Medium","✅","Patient Portal",2,16,"Hospital-specific branding","Create hospital-specific landing pages, Implement URL parameter filtering, Build hospital branding customization, Create conversion tracking, Implement hospital-specific configurations, Add link management for hospital admins","1. Hospital-specific landing pages show relevant doctors <br> 2. URL parameter filtering pre-selects hospital <br> 3. Hospital branding customization maintains identity <br> 4. Conversion tracking measures effectiveness <br> 5. Hospital-specific configurations apply rules <br> 6. Link management allows admin control <br> 7. Custom messaging displays hospital information <br> 8. Direct booking flow streamlined for efficiency"
"Telehealth & EHR Access",3.1,"Join Telehealth Session","Patient","As a patient I want to join a secure video consultation so that I can receive medical care remotely",10,"High","✅","Patient Portal",3,28,"Agora SDK integration","Integrate Agora SDK, Create waiting room interface, Build audio/video testing, Implement session controls, Create doctor information display, Add screen sharing capability, Setup session recording, Ensure mobile compatibility","1. Agora SDK integration provides stable video <br> 2. Waiting room interface prepares patients <br> 3. Audio/video testing ensures quality <br> 4. Session controls allow user interaction <br> 5. Doctor information display builds confidence <br> 6. Screen sharing capability enables collaboration <br> 7. Session recording stores consultations <br> 8. Mobile compatibility ensures accessibility <br> 9. Connection quality indicators show status <br> 10. Emergency exit functionality available"
"Telehealth & EHR Access",3.2,"Access EHR Records","Patient","As a patient I want to view my electronic health records so that I can track my medical history and follow treatment plans",10,"High","✅","Patient Portal",3,16,"HIPAA compliant read-only access","Create EHR viewing interface, Implement document download functionality, Build search and filter capabilities, Ensure HIPAA compliance, Create chronological timeline view, Add real-time record updates","1. EHR viewing interface displays records clearly <br> 2. Document download functionality enables offline access <br> 3. Search and filter capabilities find specific records <br> 4. HIPAA compliance ensures privacy protection <br> 5. Chronological timeline view shows progression <br> 6. Real-time record updates reflect changes <br> 7. Record categorization organizes information <br> 8. Print functionality available for physical copies <br> 9. Access logging tracks record views <br> 10. Mobile-responsive design ensures accessibility"
"Telehealth & EHR Access",3.3,"View History & Records","Patient","As a patient I want to view my complete appointment history so that I can track my healthcare journey and prescription status",10,"Medium","✅","Patient Portal",3,12,"Comprehensive history tracking","Create appointment history interface, Implement filtering and search, Build prescription tracking, Create PDF export functionality, Add real-time updates, Design appointment detail views","1. Appointment history interface shows all visits <br> 2. Filtering and search find specific appointments <br> 3. Prescription tracking shows medication status <br> 4. PDF export functionality creates records <br> 5. Real-time updates reflect current status <br> 6. Appointment detail views provide comprehensive information <br> 7. Status indicators show appointment outcomes <br> 8. Follow-up reminders integrated <br> 9. Insurance claim status visible <br> 10. Doctor notes accessible where appropriate"
"Doctor Portal & Patient Management",4.1,"Enhanced Doctor Onboarding System","Doctor","As a doctor I want to register on the platform through multiple channels (direct registration, hospital invitation, or admin creation) with automatic duplicate detection so that I can maintain a single unified account across all my hospital affiliations",15,"High","🔄","Doctor Portal",4,40,"Doctor-centric single account model with duplicate prevention","Create multi-channel registration system, Build duplicate detection algorithm, Implement medical license verification, Setup conflict resolution workflow, Create hospital association management, Add identity verification system, Build account merging functionality, Implement notification system for conflicts, Create admin approval workflow, Setup audit logging","1. Multi-channel registration supports direct, invitation, and admin-created accounts <br> 2. Duplicate detection algorithm prevents multiple accounts using medical license + name + DOB <br> 3. Medical license verification ensures authenticity <br> 4. Conflict resolution workflow handles registration conflicts <br> 5. Hospital association management links doctors to multiple facilities <br> 6. Identity verification confirms doctor credentials <br> 7. Account merging functionality consolidates duplicate accounts <br> 8. Notification system alerts stakeholders of conflicts <br> 9. Admin approval workflow ensures quality control <br> 10. Audit logging tracks all registration activities <br> 11. Primary identification matrix maintains data integrity <br> 12. Automated verification with manual fallback <br> 13. Edge case handling for name changes, multiple licenses <br> 14. Integration with medical board databases <br> 15. Granular permission management across hospitals"
"Doctor Portal & Patient Management",4.2,"Doctor Profile Setup","Doctor","As a doctor I want to set up my professional profile so that patients can find me and understand my qualifications",10,"High","✅","Doctor Portal",4,16,"Requires admin approval","Create profile setup form, Implement photo upload, Build certification management, Create specialty selection, Add biography editor, Implement admin approval workflow, Create profile validation","1. Profile setup form captures essential information <br> 2. Photo upload functionality adds personal touch <br> 3. Certification management tracks credentials <br> 4. Specialty selection categorizes expertise <br> 5. Biography editor allows personal description <br> 6. Admin approval workflow ensures quality <br> 7. Profile validation prevents incomplete profiles <br> 8. Education history section included <br> 9. Language preferences selectable <br> 10. Availability preferences configurable"
"Doctor Portal & Patient Management",4.5,"Doctor Account Conflict Resolution","Doctor/Hospital Admin","As a doctor or hospital admin I want to resolve account conflicts when duplicate registrations are detected so that I can maintain accurate doctor profiles and associations",12,"High","🔄","Doctor Portal",4,32,"Automated conflict detection with manual resolution","Create conflict detection system, Build resolution workflow interface, Implement account merging tools, Setup notification system, Create evidence collection forms, Add manual review process, Build decision tracking system, Implement audit logging","1. Conflict detection system identifies potential duplicates <br> 2. Resolution workflow interface guides conflict resolution <br> 3. Account merging tools consolidate duplicate accounts <br> 4. Notification system alerts relevant stakeholders <br> 5. Evidence collection forms gather verification documents <br> 6. Manual review process ensures accuracy <br> 7. Decision tracking system logs resolution outcomes <br> 8. Audit logging maintains compliance records <br> 9. Escalation procedures handle complex cases <br> 10. Hospital association transfer capabilities <br> 11. Data preservation during merging process <br> 12. Rollback functionality for incorrect merges"
"Doctor Portal & Patient Management",4.6,"Medical License Verification System","System/Doctor","As a system I want to automatically verify medical licenses and as a doctor I want my credentials validated so that platform integrity is maintained",10,"High","🔄","Doctor Portal",4,28,"Integration with medical board APIs","Integrate medical board databases, Create license verification API, Build automated validation workflow, Implement manual verification fallback, Create credential tracking system, Add renewal monitoring, Setup compliance reporting","1. Medical board database integration provides real-time verification<br>2. License verification API validates credentials automatically<br>3. Automated validation workflow processes verifications<br>4. Manual verification fallback handles edge cases<br>5. Credential tracking system monitors license status<br>6. Renewal monitoring alerts for expiring licenses<br>7. Compliance reporting ensures regulatory adherence<br>8. Multi-state license support included<br>9. International credential verification capabilities<br>10. Fraud detection mechanisms prevent fake licenses"
"Doctor Portal & Patient Management",4.7,"Hospital Join Request System","Doctor","As a doctor I want to request to join additional hospitals so that I can expand my practice or transfer to new facilities while maintaining my single account",12,"High","🔄","Doctor Portal",4,36,"Multi-hospital affiliation management","Create hospital search interface, Build join request submission, Implement request tracking system, Create document upload functionality, Add request status notifications, Build reapplication workflow, Create multi-hospital dashboard","1. Hospital search interface allows doctors to find hospitals<br>2. Join request submission captures required information<br>3. Request tracking system shows real-time status<br>4. Document upload functionality supports applications<br>5. Request status notifications keep doctors informed<br>6. Reapplication workflow handles rejections<br>7. Multi-hospital dashboard manages all affiliations<br>8. Hospital-specific availability settings<br>9. Primary hospital designation options<br>10. Request history and feedback tracking<br>11. Maximum pending request limits<br>12. Waiting period enforcement for reapplications"
"Doctor Portal & Patient Management",4.8,"Multi-Hospital Affiliation Management","Doctor","As a doctor I want to manage my affiliations across multiple hospitals so that I can efficiently work at different facilities with appropriate access levels",10,"Medium","🔄","Doctor Portal",4,24,"Centralized multi-hospital management","Create affiliation overview dashboard, Build hospital-specific settings, Implement permission management, Create availability coordination, Add patient list segregation, Build unified profile management","1. Affiliation overview dashboard shows all hospitals<br>2. Hospital-specific settings control individual access<br>3. Permission management handles different access levels<br>4. Availability coordination prevents conflicts<br>5. Patient list segregation maintains hospital boundaries<br>6. Unified profile management ensures consistency<br>7. Hospital-specific scheduling capabilities<br>8. Transfer request functionality<br>9. Affiliation status monitoring<br>10. Performance metrics per hospital"
"Doctor Portal & Patient Management",4.3,"Doctor Dashboard","Doctor","As a doctor I want to view my dashboard so that I can manage my daily activities and appointments",10,"High","✅","Doctor Portal",4,20,"Real-time updates with customization","Design dashboard layout, Create appointment widgets, Build notification center, Implement real-time updates, Add customization options, Create quick access shortcuts","1. Dashboard layout provides clear overview <br> 2. Appointment widgets show schedule <br> 3. Notification center displays important alerts <br> 4. Real-time updates reflect current status <br> 5. Customization options allow personalization <br> 6. Quick access shortcuts improve efficiency <br> 7. Patient summary cards show key information <br> 8. Revenue tracking displays earnings <br> 9. Performance metrics show statistics <br> 10. Calendar integration synchronizes schedules"
"Doctor Portal & Patient Management",4.4,"Patient List Management","Doctor","As a doctor I want to manage my patient list so that I can efficiently access patient information and history",10,"High","✅","Doctor Portal",4,16,"Comprehensive patient management","Create patient list interface, Implement search and filter functionality, Build patient detail views, Create note-taking capability, Add sorting and status indicators, Implement patient history access","1. Patient list interface displays all assigned patients <br> 2. Search and filter functionality finds specific patients <br> 3. Patient detail views show comprehensive information <br> 4. Note-taking capability allows quick annotations <br> 5. Sorting and status indicators organize information <br> 6. Patient history access provides medical timeline <br> 7. Contact information readily available <br> 8. Appointment scheduling integrated <br> 9. Prescription history accessible <br> 10. Emergency contact information visible"
"EHR Management & E-Prescribing",5.1,"Create EHR Notes","Doctor","As a doctor I want to create and edit encounter notes so that I can document patient visits and maintain medical records",10,"High","✅","Doctor Portal",4,24,"ICD-10 integration with templates","Create EHR note editor, Implement ICD-10 code integration, Build vital signs input forms, Create file upload functionality, Add template system, Implement digital signature, Create auto-save functionality","1. EHR note editor supports rich text formatting <br> 2. ICD-10 code integration provides accurate coding <br> 3. Vital signs input forms capture measurements <br> 4. File upload functionality attaches documents <br> 5. Template system speeds up documentation <br> 6. Digital signature ensures authenticity <br> 7. Auto-save functionality prevents data loss <br> 8. Version control tracks changes <br> 9. Collaboration features allow team input <br> 10. Export functionality creates reports"
"EHR Management & E-Prescribing",5.2,"E-Prescribing System","Doctor","As a doctor I want to generate digital prescriptions so that I can prescribe medications safely and efficiently",10,"High","❗","Doctor Portal",4,32,"RxNorm API integration needs review","Integrate RxNorm database, Create medication search interface, Build prescription form, Implement drug interaction checking, Add allergy checking, Create digital signature system, Setup pharmacy integration, Build prescription tracking","1. RxNorm database integration provides medication data <br> 2. Medication search interface finds drugs easily <br> 3. Prescription form captures all required details <br> 4. Drug interaction checking prevents conflicts <br> 5. Allergy checking alerts for patient allergies <br> 6. Digital signature system ensures authenticity <br> 7. Pharmacy integration sends prescriptions directly <br> 8. Prescription tracking monitors fulfillment <br> 9. Dosage calculation assistance included <br> 10. Insurance formulary checking integrated"
"EHR Management & E-Prescribing",5.3,"Telehealth Consultation","Doctor","As a doctor I want to conduct video consultations so that I can provide remote medical care to patients",10,"High","❗","Doctor Portal",4,28,"Emergency call functionality needs definition","Integrate video calling system, Create in-session note taking, Build screen sharing capability, Implement session recording, Add multi-participant support, Create session summary tools, Add emergency call features","1. Video calling system provides HD quality <br> 2. In-session note taking allows real-time documentation <br> 3. Screen sharing capability enables collaboration <br> 4. Session recording stores consultations <br> 5. Multi-participant support includes family/specialists <br> 6. Session summary tools generate reports <br> 7. Emergency call features provide escalation <br> 8. Prescription writing integrated <br> 9. Follow-up scheduling available <br> 10. Patient education materials shareable"
"Hospital Administration",6.1,"Hospital Onboarding","Hospital Admin","As a hospital administrator I want to onboard my hospital to the platform so that we can start offering digital healthcare services",10,"High","✅","Hospital Admin Portal",5,20,"Multi-tenant setup with approval","Create hospital registration form, Build department setup interface, Implement policy configuration, Add branding customization, Create tenant isolation system, Implement approval workflow","1. Hospital registration form captures required information <br> 2. Department setup interface organizes structure <br> 3. Policy configuration sets hospital-specific rules <br> 4. Branding customization applies hospital identity <br> 5. Tenant isolation ensures data security <br> 6. Approval workflow requires verification <br> 7. Integration settings configure external systems <br> 8. Staff role definitions establish permissions <br> 9. Billing configuration sets up payments <br> 10. Compliance documentation uploaded"
"Hospital Administration",6.2,"Doctor & Staff Management","Hospital Admin","As a hospital administrator I want to manage doctors and staff so that I can control who has access to our hospital's platform",10,"High","✅","Hospital Admin Portal",5,24,"Role-based access control","Create doctor invitation system, Build staff management interface, Implement role-based access control, Create credential management, Add performance tracking, Build reporting functionality","1. Doctor invitation system streamlines onboarding <br> 2. Staff management interface controls access <br> 3. Role-based access control ensures security <br> 4. Credential management tracks qualifications <br> 5. Performance tracking monitors effectiveness <br> 6. Reporting functionality provides insights <br> 7. Bulk operations support efficiency <br> 8. Audit trail tracks changes <br> 9. Integration with HR systems <br> 10. Automated compliance checking"
"Hospital Administration",6.3,"Booking Link Management","Hospital Admin","As a hospital administrator I want to create custom booking links so that patients can book appointments directly with our hospital",10,"Medium","✅","Hospital Admin Portal",5,16,"Custom URLs with analytics","Create link generation system, Build customization interface, Implement tracking and analytics, Create QR code generation, Build embeddable widgets, Add performance reporting","1. Link generation system creates custom URLs <br> 2. Customization interface allows branding <br> 3. Tracking and analytics measure performance <br> 4. QR code generation enables offline promotion <br> 5. Embeddable widgets integrate with websites <br> 6. Performance reporting shows conversion rates <br> 7. A/B testing capabilities included <br> 8. Link expiration management <br> 9. Department-specific links supported <br> 10. Mobile-optimized landing pages"
"Hospital Administration",6.4,"Appointment Oversight","Hospital Admin","As a hospital administrator I want to oversee all appointments so that I can manage hospital operations effectively",9,"High","✅","Hospital Admin Portal",5,20,"Comprehensive appointment management","Create appointment management dashboard, Implement filtering and search, Build rescheduling functionality, Create notification system, Add analytics and reporting, Implement conflict detection","1. Appointment management dashboard shows overview <br> 2. Filtering and search find specific appointments <br> 3. Rescheduling functionality handles changes <br> 4. Notification system alerts stakeholders <br> 5. Analytics and reporting provide insights <br> 6. Conflict detection prevents double-booking <br> 7. Bulk operations support efficiency <br> 8. Integration with hospital systems <br> 9. Real-time status updates"
"Hospital Administration",6.5,"Doctor Verification & Conflict Management","Hospital Admin","As a hospital administrator I want to manage doctor verification processes and resolve account conflicts so that I can ensure accurate doctor profiles and associations with my hospital",12,"High","🔄","Hospital Admin Portal",5,24,"Enhanced doctor management with conflict resolution","Create doctor verification dashboard, Build conflict resolution interface, Implement verification workflow, Add evidence review system, Create decision tracking, Setup escalation procedures, Build audit trail system, Add bulk verification tools","1. Doctor verification dashboard shows pending verifications <br> 2. Conflict resolution interface handles duplicate accounts <br> 3. Verification workflow guides approval process <br> 4. Evidence review system validates credentials <br> 5. Decision tracking logs all verification outcomes <br> 6. Escalation procedures handle complex cases <br> 7. Audit trail system maintains compliance records <br> 8. Bulk verification tools improve efficiency <br> 9. Integration with medical board databases <br> 10. Automated notification system alerts stakeholders <br> 11. Hospital association management controls affiliations <br> 12. Performance metrics track verification success rates"
"Hospital Administration",6.6,"Doctor Registration Analytics","Hospital Admin","As a hospital administrator I want to view analytics on doctor registrations and onboarding so that I can optimize our recruitment and onboarding processes",8,"Medium","🔄","Hospital Admin Portal",5,16,"Comprehensive registration analytics","Create registration analytics dashboard, Build performance metrics tracking, Implement trend analysis, Add conversion rate monitoring, Create comparative reporting, Setup automated insights, Build export functionality","1. Registration analytics dashboard shows key metrics<br>2. Performance metrics track onboarding success<br>3. Trend analysis identifies patterns<br>4. Conversion rate monitoring measures effectiveness<br>5. Comparative reporting benchmarks performance<br>6. Automated insights highlight opportunities<br>7. Export functionality enables data sharing<br>8. Real-time updates reflect current status"
"Hospital Administration",6.7,"Doctor Join Request Management","Hospital Admin","As a hospital administrator I want to review and approve/reject doctor join requests so that I can control which doctors are affiliated with my hospital",12,"High","🔄","Hospital Admin Portal",6,28,"Comprehensive request review and approval system","Create join request dashboard, Build doctor profile review interface, Implement approval/rejection workflow, Create feedback system, Add bulk processing tools, Setup notification system, Build decision tracking","1. Join request dashboard shows all pending requests<br>2. Doctor profile review interface displays comprehensive information<br>3. Approval/rejection workflow guides decision process<br>4. Feedback system provides rejection reasons<br>5. Bulk processing tools handle multiple requests<br>6. Notification system alerts relevant parties<br>7. Decision tracking maintains audit trail<br>8. Request filtering and search capabilities<br>9. Performance metrics integration<br>10. Documentation requirements management<br>11. Escalation procedures for complex cases<br>12. Integration with hospital credentialing systems"
"Hospital Administration",6.8,"Multi-Hospital Doctor Management","Hospital Admin","As a hospital administrator I want to manage doctors who work at multiple hospitals so that I can coordinate schedules and maintain appropriate access levels",10,"Medium","🔄","Hospital Admin Portal",6,20,"Cross-hospital coordination and management","Create multi-hospital doctor dashboard, Build schedule coordination tools, Implement permission management, Create performance tracking, Add communication tools, Setup conflict resolution","1. Multi-hospital doctor dashboard shows shared doctors<br>2. Schedule coordination tools prevent conflicts<br>3. Permission management controls hospital-specific access<br>4. Performance tracking monitors doctor metrics<br>5. Communication tools facilitate coordination<br>6. Conflict resolution handles scheduling issues<br>7. Primary hospital designation management<br>8. Cross-hospital patient referral tracking<br>9. Shared resource allocation<br>10. Inter-hospital collaboration metrics"
"Super Admin Platform Management",7.1,"Hospital Management","Super Admin","As a super administrator I want to manage all hospitals on the platform so that I can oversee platform operations and growth",10,"High","✅","Super Admin Platform",6,24,"Platform-wide hospital oversight","Create hospital management interface, Build hospital onboarding workflow, Implement subscription assignment, Create monitoring and analytics, Add audit logging, Build reporting system","1. Hospital management interface provides control <br> 2. Hospital onboarding workflow streamlines setup <br> 3. Subscription assignment manages access <br> 4. Monitoring and analytics track performance <br> 5. Audit logging ensures accountability <br> 6. Reporting system provides insights <br> 7. Bulk operations support efficiency <br> 8. Integration management controls connections <br> 9. Compliance monitoring ensures standards <br> 10. Escalation procedures handle issues"
"Super Admin Platform Management",7.2,"Subscription Management","Super Admin","As a super administrator I want to manage subscription plans and billing so that I can control platform monetization and hospital access",10,"High","❗","Super Admin Platform",6,32,"Payment processing setup needs finalization","Create subscription plan management, Integrate payment processing, Build billing automation, Create discount system, Implement renewal handling, Add billing notifications","1. Subscription plan management defines tiers <br> 2. Payment processing handles transactions <br> 3. Billing automation reduces manual work <br> 4. Discount system supports promotions <br> 5. Renewal handling ensures continuity <br> 6. Billing notifications keep users informed <br> 7. Usage tracking monitors consumption <br> 8. Invoice generation creates records <br> 9. Payment failure handling manages issues <br> 10. Revenue reporting provides insights"
"Super Admin Platform Management",7.3,"Platform Analytics","Super Admin","As a super administrator I want to view comprehensive platform analytics so that I can make informed decisions about platform growth and performance",10,"High","✅","Super Admin Platform",6,20,"Real-time analytics with predictions","Create analytics dashboard, Implement KPI tracking, Build custom reporting, Add predictive analytics, Create real-time updates, Implement data visualization","1. Analytics dashboard provides overview <br> 2. KPI tracking monitors key metrics <br> 3. Custom reporting enables flexibility <br> 4. Predictive analytics forecast trends <br> 5. Real-time updates show current status <br> 6. Data visualization improves understanding <br> 7. Export functionality enables sharing <br> 8. Drill-down capabilities provide detail <br> 9. Automated alerts notify of issues <br> 10. Historical data comparison shows trends"
"Super Admin Platform Management",7.4,"Platform-wide Doctor Management","Super Admin","As a super administrator I want to oversee all doctor registrations, verifications, and conflicts across the platform so that I can ensure data integrity and resolve escalated issues",12,"High","🔄","Super Admin Platform",6,32,"Comprehensive doctor oversight with escalation handling","Create platform-wide doctor dashboard, Build conflict escalation system, Implement verification oversight, Add fraud detection mechanisms, Create audit trail management, Setup compliance monitoring, Build performance analytics, Add bulk operations tools","1. Platform-wide doctor dashboard shows all registrations <br> 2. Conflict escalation system handles complex cases <br> 3. Verification oversight monitors approval processes <br> 4. Fraud detection mechanisms identify suspicious activity <br> 5. Audit trail management maintains compliance records <br> 6. Compliance monitoring ensures regulatory adherence <br> 7. Performance analytics track system effectiveness <br> 8. Bulk operations tools improve efficiency <br> 9. Cross-hospital conflict resolution capabilities <br> 10. Medical board integration monitoring  <br>  11. Automated alert system for critical issues <br> 12. Data quality metrics and reporting"
"Super Admin Platform Management",7.5,"Doctor Onboarding System Configuration","Super Admin","As a super administrator I want to configure platform-wide doctor onboarding settings and policies so that I can maintain consistent standards across all hospitals",10,"Medium","🔄","Super Admin Platform",6,24,"Centralized configuration management","Create configuration management interface, Build policy template system, Implement rule engine configuration, Add verification threshold settings, Create notification template management, Setup integration configuration, Build testing and validation tools","1. Configuration management interface controls global settings <br> 2. Policy template system standardizes hospital policies <br> 3. Rule engine configuration defines validation rules <br> 4. Verification threshold settings control approval criteria <br> 5. Notification template management standardizes communications <br> 6. Integration configuration manages external API settings <br> 7. Testing and validation tools ensure system reliability <br> 8. Version control tracks configuration changes <br> 9. Rollback capabilities handle configuration errors <br> 10. Performance monitoring tracks system impact"
"Patient Portal","N/A","Notifications","Patient","As a patient I want to receive notifications about appointments, prescriptions, and important updates so that I stay informed about my healthcare",8,"Medium","✅","Patient Portal","All",8,"Cross-platform notifications","Implement push notifications, Create email notifications, Add SMS notifications, Build notification preferences, Create notification history","1. Push notifications provide instant alerts <br> 2. Email notifications reach all users <br> 3. SMS notifications ensure urgent delivery <br> 4. Notification preferences allow customization <br> 5. Notification history tracks communications <br> 6. Delivery confirmation ensures receipt <br> 7. Unsubscribe options respect preferences <br> 8. Scheduling allows timed delivery"
"Patient Portal","N/A","Settings & Logout","Patient","As a patient I want to manage my account settings and securely logout so that I can control my privacy and security",6,"Low","✅","Patient Portal","All",4,"Basic account management","Create settings interface, Implement privacy controls, Add logout functionality, Create account deletion option","1. Settings interface provides control <br> 2. Privacy controls protect information <br> 3. Logout functionality ensures security <br> 4. Account deletion option respects choice <br> 5. Session management maintains security <br> 6. Data export enables portability"
"Doctor Portal","N/A","Availability Settings","Doctor","As a doctor I want to set my availability so that patients can book appointments during my working hours",8,"High","✅","Doctor Portal",4,12,"Flexible scheduling system","Create availability calendar, Implement time slot management, Add recurring schedule options, Create break time settings","1. Availability calendar shows open times <br> 2. Time slot management controls booking <br> 3. Recurring schedule options reduce setup <br> 4. Break time settings prevent overbooking <br> 5. Holiday management handles exceptions <br> 6. Buffer time settings allow preparation <br> 7. Multiple location support included <br> 8. Sync with external calendars"
"Doctor Portal","N/A","Notifications","Doctor","As a doctor I want to receive notifications about appointments, patient messages, and urgent matters so that I can respond promptly",8,"Medium","✅","Doctor Portal","All",8,"Priority-based notifications","Implement push notifications, Create email notifications, Add SMS notifications, Build notification preferences, Create urgent alert system","1. Push notifications provide instant alerts <br> 2. Email notifications reach all users <br> 3. SMS notifications ensure urgent delivery <br> 4. Notification preferences allow customization <br> 5. Urgent alert system prioritizes critical messages <br> 6. Delivery confirmation ensures receipt <br> 7. Escalation procedures handle missed alerts <br> 8. Quiet hours respect work-life balance"
"Hospital Admin Portal","N/A","Patient Directory","Hospital Admin","As a hospital administrator I want to view and manage our patient directory so that I can oversee patient relationships and data",8,"Medium","✅","Hospital Admin Portal",5,12,"HIPAA compliant patient overview","Create patient directory interface, Implement search and filter, Add patient status tracking, Create data export functionality","1. Patient directory interface shows all patients <br> 2. Search and filter find specific patients <br> 3. Patient status tracking monitors engagement <br> 4. Data export functionality enables reporting <br> 5. HIPAA compliance protects privacy <br> 6. Access controls ensure security <br> 7. Audit logging tracks access <br> 8. Integration with EHR systems"
"Hospital Admin Portal","N/A","Reports","Hospital Admin","As a hospital administrator I want to generate comprehensive reports so that I can analyze hospital performance and make informed decisions",10,"High","✅","Hospital Admin Portal",5,16,"Advanced reporting with exports","Create report builder, Implement data visualization, Add scheduled reports, Create export functionality, Build custom report templates","1. Report builder enables custom reports <br> 2. Data visualization improves understanding <br> 3. Scheduled reports automate delivery <br> 4. Export functionality enables sharing <br> 5. Custom report templates save time <br> 6. Real-time data ensures accuracy <br> 7. Drill-down capabilities provide detail <br> 8. Comparison features show trends <br> 9. Automated insights highlight key findings <br> 10. Distribution lists manage recipients"